Score,a_act,d_act,K_n,n,a_x,d_x,m,K_S,K_a,k1,k2,k4,k3,XbsT,sT
5.361850450530269,82.29028273746485,0.14242504214340865,2.168228571495151,1.7425382056722638,3.5043198854289193,0.008398262821567706,1.9394780035541186,1.750359419067545,1138.1201668262265,0.00012034114034855634,9.9470007726678,0.10398017545886594,9.843880727801757,101.50379482591234,479.77259530123814
5.5133953088462855,9.87881706861522,0.014831172892316872,1.0767629025486518,5.27368555423673,1.9688683737760433,0.028050178879644453,1.739690842810707,1.0689650555580794,1404.031033057088,0.0005364978805840829,7.589681085517994,0.10069802218259526,6.549661226054611,108.5397309911728,394.2685176803327
5.582206903329958,80.08101905663104,0.03196616840251008,1.017224035984693,9.721692719147113,9.969089589896424,0.029050587208845267,2.0183728993648917,5.067387869441061,1000.291994676904,0.005041019889223848,9.50773856910472,0.10102728463081685,9.955351532465063,100.00000888415401,567.0040272523016
5.5963828950890715,86.66024290260845,8.461772913529767,1.2172211217929798,5.379390853042431,4.761210043726733,0.02671616119852389,1.7224470925176205,1.556680771184149,18.617623465066426,0.0003399147194090502,4.773153502448829,0.1007637714452506,9.992622739920428,101.4423455206015,480.76697076272416
5.628261536673786,5.964885357202377,0.1323452540335478,1.2075313006995332,9.75648725917439,5.0210498537852155,0.008320815741844389,2.178957361998737,1.0003045637784385,289.79077338988066,0.00034773031435216667,8.205137690958086,0.10864717119627038,9.212640523017106,100.37880633259282,92.20736690154477
5.687218934911357,0.21436041665623357,0.1331809379876864,1.049153641915594,1.9045092332640734,0.9368772692395878,0.010122837483473344,1.7109698794706922,1.0020829900543284,3.07217287315284,0.0004647696070320765,7.23936959673064,0.10814319306551244,9.901759639716147,100.00001091226761,270.33025034287505
5.719595873972076,0.02570617540405458,0.03835157580055773,1.2217415227837662,7.879918085512789,4.613788079706388,0.02701318177490862,1.784497874350744,2.304844483115264,2.9477531372178722,0.0012073360060349551,6.913122990915553,0.10825503553178265,9.791723926217093,100.00411932366062,352.9540348395504
5.721180331245646,0.08216606560571195,0.04305809128599082,1.0031376921492152,8.67380518139283,1.4015230653638961,0.0269550557800731,1.9227277781690504,3.599217554402418,2.0973007689048426,0.003106187921175669,6.076480936266771,0.11040896193183662,9.486587012480966,104.90145587255067,369.23934875645153
5.752702546066866,96.64599400134554,0.04642377128955851,3.546595188310585,5.828792703328745,0.7771702740899135,0.02183504551625981,1.973472565405269,1.2274716717103655,744.7135835155374,0.0010052084726912918,8.696197653132781,0.1064497208424373,9.647828292132736,100.09389418715679,177.75312947568534
5.819601548338402,73.02296343185681,0.2322868688256059,1.9706962758527877,8.199301741358594,4.909714998371896,0.016360726276023346,2.4644366550702284,1.5518349986731244,1445.2114453934678,0.0006879765324033901,6.1441574208491625,0.10448441147644673,9.987131432290289,100.03380730813129,88.29109685340502
5.829750851967655,6.473454382119262,9.984994064194943,3.061712773863196,9.358920525952934,5.666716247090052,0.019576314571480867,2.434028546402622,1.8665663133786377,7.87447680531723,0.0010408649656378144,4.330889642111097,0.10003186101560796,9.801143205323203,107.66047310827783,101.98189259897214
5.968978551496818,12.540681536657154,5.744087803090649,1.0281086175277494,2.424167949874671,6.796758017721672,0.03160194082396265,1.9527448995077843,7.315947105298344,1.071215416053675,0.005222508678129281,9.481518664247524,0.11776567615485448,8.642398990716071,100.27061506396097,763.3493046884133
5.987041383579519,65.74105886793495,0.24925778901228626,1.734523454046706,1.1699249856769454,5.817399368513485,0.02232869760325444,2.038154652969564,1.3096127510614357,1873.4358935374128,0.0008829885846423931,5.272213083295944,0.10158620660963123,9.807023986496173,116.10601705101179,107.78486781089829
6.0181741049977715,0.03669497136715908,0.15506138994612623,9.550368526498128,8.56492230826438,9.980756271120077,0.021446415025935497,2.8418834246327935,2.585608374414555,2.5870365330595897,0.001458982966481995,6.64336459471272,0.10023602733855445,9.807044318937272,100.0111870224179,94.48268111504503
6.050143423403315,65.83583457072599,0.057697320533850675,1.0458087904158866,9.676614078439737,0.9831276390466785,0.021536594164995013,2.538072495252213,9.369901671635551,7.500795352405616,0.0014687577102946944,1.5059964440118585,0.10444417235630593,9.840300173138115,101.81073283398163,273.39499923280687
6.104133687008757,1.1574028046654932,9.691551601562459,2.606570266280207,3.142043682895723,9.911912051442885,0.008563889332518507,1.8329980601915181,2.593148631277784,1.0116946714916415,0.00010115945095312785,2.577995662218904,0.106329793074978,9.761448240921064,120.88284701627255,327.6011654827487
6.177578913206849,3.507429832567849,4.411593318607762,2.49740743496057,2.0653694131265485,2.1594479254540295,0.012914412663351506,2.4005567725765853,1.68901347277348,2.31318462058351,0.0018084186594318405,9.044892145234924,0.10792147835002919,7.990952573930861,100.01768522226172,80.28149086069865
6.178216419910133,37.07000692703181,0.3162591108144323,4.273079001995902,6.235073374711407,2.3754971241286187,0.00791144267826758,2.205746376686497,17.11438948981621,1.4220430252749183,0.0005487268712280178,4.624610107370428,0.10419101609362026,9.871544587850703,100.58502458060855,1181.820370303672
6.260154058339541,0.13047705930477832,0.01200349611679648,1.055601444868396,1.5281503941599521,9.796381287838603,0.03143062131680378,2.307863209556933,7.867616386390159,11.474549155681775,0.00036755036469512427,1.3125778186543702,0.10781305605567428,9.924258395362987,100.06496680778014,376.25544156692575
6.2733637907974344,5.157089437387115,9.612216345549513,20.187890151674033,3.128591918072661,9.969466743839371,0.028065054334552284,2.514369914661054,19.97417567414682,1.6692665536536113,0.00040761600555102873,3.5772628641040236,0.10128709884167894,9.998699070665497,100.00900432990139,1275.3941382683229
6.302920021877467,4.039917367736128,7.311024007958868,49.61103322760054,5.563744478867397,0.9411548009010741,0.013821249816437028,2.19328270591608,13.498002964289283,1.1677566800035775,0.0005826921196939923,1.7820519214708745,0.10923383771172511,9.980438655082972,100.08205530415051,657.0152979281067
6.390704379198778,79.9593190007303,0.14682095008297993,2.0197209537096192,2.2202342551123455,6.666809477931509,0.030462273450100462,2.7540935879191677,2.4693806812287473,2884.09273591639,0.0037928315825401966,9.293240735865226,0.10047349080091454,7.92407312598988,100.24174412829007,95.60840692408244
6.411062910996462,23.21276519821401,0.052317208425587576,1.2823746037281294,4.243888038361227,0.966448394959425,0.03161119343301236,1.6282132263166154,3.937980198245271,18.05596029847169,0.0011827465154468843,6.5267499031963325,0.10530371032270502,9.524292477028734,168.5812856484083,770.7945782833415
6.435917135062759,0.10381685366796237,0.042426017722847965,1.8433771938055437,1.264328089026385,2.378769775585215,0.006942020576691151,1.9391742676429191,1.210562733606752,11.80362733119397,0.0010291541436330287,8.616858343054606,0.13240770691203652,8.20434804705785,100.10867991347523,78.45625100925174
6.467218449051584,0.013143609692543343,0.05711667385787464,24.83366810984233,4.621075362978445,9.992975006604361,0.03072314161822152,2.648786800356636,9.460222106144752,6.040995855788907,0.0016549268247550927,1.824368555165737,0.11108050147187105,9.420714574035484,100.01525849413296,262.25882958992446
6.526748089371329,8.57768350712013,1.2529863794952623,1.0001827185867913,1.443718642892217,3.5229799403427413,0.03078832494133812,1.7493399929866216,1.0018084513355905,95.9609160524682,0.008697595257532298,9.977498869302575,0.1058614153136236,9.74757134968302,108.61352953614971,96.97985710034402
6.763824712592335,0.4678703945175356,0.010037534608088445,1.3172290048830613,9.988044806547839,8.637742193795242,0.011373969792910443,2.5511001886138476,4.249419938013782,192.55180695638722,0.0013709852213250537,5.08943907216137,0.10051662559047354,9.996076841448199,144.05100665794853,135.3572870385002
6.819470045745895,98.96168574076592,6.472742552567427,11.601696802519331,3.0127329208988174,1.7646355376971468,0.03162004887960465,2.655886265947471,9.07021080251772,14.38935562046742,0.002608351950039298,5.609367273748805,0.10020324800061797,9.86755467721812,105.88551814105942,310.2458740807393
6.829958717042864,0.238921985215329,0.21678543772262562,11.146666279647858,9.387420980883057,6.628476092798255,0.026635060550224996,2.460467237422836,8.36770732832064,2.3403778138943516,0.00010029486834549604,0.653809609504185,0.11415717864112122,7.036573353987272,100.14378996664009,256.94479053731527
6.844045713650813,2.3300036095134793,0.10825693467555866,1.0008394382904267,9.983649808546597,8.919715161197473,0.013461621169856802,3.1604827647640055,5.180868624326892,8.050817303087454,0.0004505985610238402,0.9426293827111092,0.10873964665905378,9.929372387203465,100.20747788750379,70.0023240523315
6.899240779519871,13.245837875099362,0.8561127363122898,11.76931764363888,3.0990650288069483,1.423306810212727,0.009406291517568778,1.7364961395865999,8.921339612488788,2.094198415155545,0.00019476004527208506,9.860555788997237,0.10037967495162696,9.985210361663002,155.20561579367353,1795.2366936191754
6.932718002819183,0.001692127293333693,0.033949187405804264,13.29392116082629,9.941353790822433,8.73491640085761,0.007155475024181861,1.8500322307853092,4.869845464843351,1.0013418918180195,0.0006551577430603386,6.9825459194165465,0.104601957862392,9.825727282801605,100.01579069242118,372.0746113661436
6.9551266425393425,85.58389403608118,0.06515568950155534,1.0371728529345818,9.978592411113544,9.193751990345204,0.02589268272272081,3.079211588647315,5.940918864634899,1029.2920375581011,0.009614467753299362,8.172516156189152,0.1393131498981124,7.310300638892759,100.00178068529023,75.70879742166915
7.258501396573976,1.018952319826772,5.626563155514704,12.39320987848567,4.000216862797078,9.6516124902419,0.02748167465450822,2.761764907860953,4.805653055954173,3.3168774173085835,0.0007002252259433405,0.7501597303122297,0.10167163230445837,9.684535876220394,100.30148867166217,90.77216736471775
7.317829150615323,17.56579025250373,0.004295639598327978,1.0081420964731513,9.8974224196716,8.474530723737587,0.00668882843627027,3.375409010420954,6.466359664099797,2755.521796811257,0.004825632270418101,9.450070751134744,0.16363834776836073,9.012321432482103,100.0003633369066,55.161458386825146
7.33453789968494,34.91124481477452,0.024660692773445122,3.178857281666625,9.966718151160796,6.90692799413225,0.005468059962400085,5.105838541054107,62.43667271097782,7.657769314704128,0.0018380586907818474,5.044680320344231,0.10481855227664456,9.382544528544681,103.92114296831275,375.9158344319859
7.406030861160661,11.483525375319136,4.967726205180054,5.8535949482269976,1.9070831363996503,4.81083227157934,0.014315384509190053,2.5265276055218626,6.432047424789064,1.5604613052222434,0.0009497113765419747,9.874350956865086,0.16682523886779332,9.910010376084063,100.02478307626485,191.674951100387
7.420512675888187,0.03936723490677505,0.00976192765729741,1.1248829681796635,5.026839048871062,9.754108749434838,0.009274217716410195,2.9679954703233635,4.148980289203973,10.14312087707192,0.0018016468927126753,3.229194486323012,0.10097897669945342,2.70991334766756,100.00554516926437,51.620567806497895
7.441779848434348,0.9004496920863854,2.666925351993429,41.46433319278022,6.3616821906236405,4.238168976383059,0.017005263625522387,2.3962190713672866,24.46964096700249,1.0673364577397044,0.00012828821071684415,0.5048121697859216,0.12412162059782036,9.814376120664342,100.45274449975213,569.3079658718252
7.4537466249229825,11.201082129480353,5.301355952097838,2.390448941958461,2.658646680303092,4.6049507744980005,0.031114721864129585,2.0412935332279036,2.221989322047844,63.67958078569852,0.02679851941978962,8.082916069500593,0.12918902996691767,7.496305583701123,101.00023772431251,84.37639778578486
7.4753032807979185,31.302184722731116,0.002717452524503535,1.0338525380523835,9.990720639507574,9.822229782028943,0.012404215642231382,2.342016265305692,4.104652472754204,6059.639062853766,0.0013553063296801468,7.3547448605185775,0.14864713367510937,9.673900814458483,101.12434673624865,66.61498839533846
7.49091820786999,0.16373554224673045,0.2805118112525149,37.987997763247265,2.8160937465734994,1.2797038585133098,0.007569740960672258,1.7568712753242839,7.561156815085867,1.1235989900542507,0.00022909587107713343,7.608483849706405,0.10380435574467103,9.417178083882638,100.00555159602969,2152.717747121897
7.52844123041011,16.744057370696424,0.05342882541903023,1.0012902076394354,9.76277555067956,8.905225098399756,0.022788971831637653,3.9823384623389138,9.61026672534986,49.47150976727935,0.0029535986023966677,2.032857789257188,0.24850018461258452,7.144900000939137,104.47380990832404,65.89781451743798
7.551714359710804,0.7284354916510355,6.24287184013075,154.4812266841404,6.800934525445415,2.914631440933252,0.008259614816627469,2.847468097703836,68.2853904656535,1.0094090616837437,0.0004212918189053637,0.8243636499200668,0.10003905959763264,8.867265625295017,103.18489223313695,1221.9724821199052
7.591688343575008,1.9565775819234348,0.018157622115980307,2.726788561124085,2.7321231742759355,9.608896534139712,0.011772444709681683,2.8327185947329188,23.93402279692893,47.98768945692958,0.00010555281836816297,0.3648044509922225,0.10237078003728893,9.621885454024184,100.0092029940464,377.78740049078294
7.730624900528885,91.63047077755607,3.0728045876617855,2.7617350400806036,2.8697055658388506,6.54635823303466,0.004678767938266141,3.186908906871391,4.233037845282968,77.2571335694962,0.0008731565051644947,9.977777281355616,0.13068557148657367,9.964238375405488,100.01289519321642,95.9386801387548
7.833874679930658,3.1566272147846406,3.4234983810547197,2.1374014866966053,9.99845525555329,9.993143334856148,0.018566485338514464,2.682645733395478,3.1834789995568107,1.3319230744951556,0.00024335460935249762,0.8263798597932714,0.10046835991831893,9.805480728361536,100.0405444691672,73.63302026485586
7.872804806544171,70.45660797386083,0.021551007406016204,1.7418730466723207,9.967204334846897,1.3693387603778706,0.008167702402424443,2.932310048853495,6.816714384484275,1049.5301679277063,0.010728900455296682,9.931129774278238,0.1009780772236303,9.151846832740835,100.0049918430957,99.11465531515887
7.973559101426049,92.14214125386154,0.009952045745015087,1.2644717440164468,8.977346176156388,1.6189023539095069,0.010316619532661626,1.7958842510329567,2.460228636825741,7940.654211032705,0.0007871838008883834,1.9904238070639764,0.1227614654844071,9.894595042563338,104.82919208607564,83.71682067305369
8.026571886250105,22.642846407551968,5.841761375905871,4.774200693932894,1.0000053787013594,7.040036831847869,0.010044618814560147,1.776089356745542,2.007322889544835,39.12636581228211,0.0015455097316582863,9.55528405116276,0.10566650812954131,9.477883803531498,100.01670422160167,75.54162711207024
8.087510100041518,9.480242932479982,0.020544115557352232,78.16253287674803,9.945756565574333,7.923923776257166,0.005234746016268994,4.606065343017743,639.7563775948553,52.07801490218219,0.0021267518312519757,6.860323402216535,0.1035331760877713,9.027747791196518,100.26398228077925,4781.753462519871
8.120469013475251,0.0728734575541856,2.422074945309254,13.459804237636705,2.4801488431835206,8.748063548422573,0.0314143616578819,2.5392224284075446,5.511326025143695,1.0785916523530148,0.006229110562897263,2.2513442342535797,0.1459997322099524,9.273457090105946,100.00352495987366,88.97441119959471
8.17397136211205,0.07941874113468207,0.026177886907635024,4.113279214329172,9.9615965506463,8.153078574245287,0.025425966607832872,3.5647936863528717,21.301097847025368,2.52716392868117,0.006217736270624314,4.499311764297312,0.10137544412750295,9.606858283869288,134.92343970839596,234.40343927366763
8.36722791557213,0.12578616901347944,0.003348740093594177,1.7120396960614996,9.967317867015161,9.599598317942483,0.015745243096088594,3.7104165273860708,8.459336042918489,11.49440196074671,0.0004372722040943131,0.6025036584526318,0.13100353194161088,9.828361047543204,100.00214346678858,58.886676248743875
8.455498916973491,4.489902600416367,0.015102696374092173,1.1391243280746424,8.20098552919266,5.832603055349423,0.011879288118720417,3.6594861752876673,8.280544792758947,67.69643350494655,0.004905094004482579,3.5403484282308457,1.4982827711188709,9.91999677755689,100.0166726701384,51.366920721660556
8.779362752247529,0.4312574223537805,0.007110305321495125,1.02335710068014,5.4958969469853365,7.410035220868553,0.005344052159224651,5.236092667582331,18.222785834041414,4.841052788288999,0.005168438763114545,7.611748661616579,0.4796916777776091,9.517740895170345,100.07320823616804,96.67516753969993
8.810326201723148,0.3548534869529348,0.008492972949691775,2.470365737078171,9.987498084580444,9.229781688526204,0.03038463142120676,2.6686877702673932,7.518769099997701,15.855327536234748,0.002374160432066895,6.362601050609525,0.1048826022835236,9.457537341068981,132.91724819910195,102.46631468161291
8.822110598091365,1.4718066322069185,3.5713527461823,1773.9344823179956,1.9571586236698266,5.624372734966192,0.024797229621673883,2.7961201264112194,1811.887197854906,5.65579956860883,0.00080391162712699,0.36852498822830765,0.15295718939647848,8.50680504609185,100.03287049004508,29632.966073570125
8.920626365735838,78.37099068627637,1.16055052220044,42.6487201869415,4.462856088385938,9.791490525248623,0.020238375452351545,3.076415141976613,31.59251839095943,822.834204311861,0.002616439375971506,2.9674288826205975,0.10106145626927711,9.569331961988482,100.00074510280601,380.3700111563853
9.24235522612599,10.99929925700176,0.048754481136502256,1.507665359254708,9.996124926192138,6.7367181212707585,0.017023596188599742,5.712286267472025,19.38188579233998,1.0313368924765567,0.0030372749068041656,2.3224457980541158,0.18692816250312375,1.5345563491986474,113.04003108483111,90.62862944171177
9.763483328306261,25.693975271855315,1.0710054360449148,2.0349372868306044,1.3411935744554169,1.0871566709826457,0.03012515527692597,2.4082540546688307,5.953091322791981,8.625034834312117,0.0012643110232637542,0.7441088058338986,0.11202807513189823,9.517200928139106,103.5447192889412,103.85473738075522
9.865776532760469,12.777914433939378,0.12504138048985958,7.125579349706118,1.0029097650568422,8.999734313643721,0.03114737086949443,2.021556160056547,4.332666056118084,374.5559782019913,0.0019625030552722013,4.5423461005320735,0.11274178144572879,8.257653404612046,100.16415729567967,70.91563362218893
9.882436505212011,0.16334093151147377,0.12046150538373199,12.972651693108059,4.501484504661512,9.560034727590043,0.01154411265557173,3.6730108940074073,9.801421196583908,7.810715900963048,0.0022898255519164913,8.17970864780586,0.25655404877940613,9.135972284625659,117.47034491499838,122.97469621132018
10.141756656796682,4.934627257595379,0.5393937078102986,22.283157529559716,9.619847516135833,5.579423354014714,0.02676090602686758,3.6648047089268037,11.888024580726672,63.41804940662306,0.012511692923657931,8.877057243120584,0.10136316322953233,9.947019526044055,128.16282397019557,128.38268169664101
10.377784137231675,7.208589572753769,0.007268619277633216,2.7637579889186985,9.997444878416042,4.604433793851797,0.012336446715710991,4.065162346132452,13.46025921187494,146.78491825002783,0.004052336951832044,3.204228997429394,0.10656376484976277,9.98732398736557,100.00759087032071,73.23021520956836
10.418324064826225,7.117958258707515,0.01726189837423938,1.0016073672263637,6.474108218766389,8.048617325199286,0.004062139311968603,5.700434911889081,21.55133564959983,5.5990592242565675,0.0002633446898438535,0.7566763268624438,0.10012324079791264,0.14422817186603834,111.51987722025098,111.99231824083296
10.462299611141784,6.49369692052835,0.7074543180911471,1.226541421790656,2.3867865411556464,6.9703156461604765,0.027099245793058693,2.070500149828696,3.1115015940135073,29.685080513245264,0.0033476706150122105,0.8233696741919393,0.2238030495613416,2.350492724455325,100.17420678888095,66.17739863799923
11.13578369641345,2.9398146775876475,0.008641279968174743,3.227189364382477,9.971376502411326,9.623121063591771,0.03104055358279749,4.492795228329384,11.523265038513022,111.83114491808405,0.005681184902734738,1.9468300683937836,0.10312454206202978,5.964603701124281,100.028545846756,55.248138463225466
11.547503188719743,63.17806233517291,0.03854761901469608,10.097811002659526,9.71554232824313,6.486182761920727,0.004895895791805012,4.047149470171262,9.259399319069699,2911.1968736582453,0.0011550923260663145,9.9633977347753,0.23482365913520614,9.351098742206192,100.02014619956446,88.20002657646569
11.658897903239406,29.029580161547624,0.023574990084834123,5.5234112479752,9.986248141203518,9.055440327994168,0.015297120028728316,4.145641356339078,11.287438579198126,4098.478631995635,0.0038207102215163705,3.0444563245168608,0.11253077690067394,9.340876249298685,100.23245217852835,91.35074608928025
11.829208791893343,1.7915575246771955,1.4811201139515797,10.866056785524092,1.8154569977204575,5.724329105450817,0.0060029946368526125,2.5570471655597085,6.764102833251807,10.454859603970595,0.0007551475352544204,1.648988908568873,0.1335213704287726,2.613400598376999,100.01427749372492,68.12795962347039
11.831277213344125,0.03183216873533375,0.00579728711949854,2.236778450099456,5.2371371089563885,9.678552377029584,0.023792299464927443,3.7376945936385697,14.522020008444292,1.4416168994272478,0.0011201452046497684,0.5174157742611295,0.29184700653270024,7.729626228428923,140.95327402877854,78.46459369820442
11.900205636943577,0.2117215782425807,0.1476036233083893,8.804938790684767,9.838084952612066,1.6017844463487603,0.016625980199725787,1.9358417761504294,12.700764544769884,1.001568212124769,0.012068609075923628,9.94847829455513,0.1123217415220945,9.323944476114539,100.0875839750432,497.13460698271774
11.928660625885195,0.02819679616599296,0.016606129884139415,2.742391602661632,9.974717270838212,9.336590809696785,0.014322151842138987,4.156282523057652,11.521661160937306,1.4500168348639049,0.005292527075542529,3.9409458020580703,0.11237527155109603,0.02142765340085935,125.61458602484439,83.28945480339912
12.105066416829942,66.03342026282695,0.0662117950987023,3.3494670130768736,1.3739937994352898,7.779147275377258,0.0032540131499904073,2.807642934664156,10.069132208926813,642.1856849388776,0.0005617884945951704,9.211259650938768,0.10428458053138746,9.023938370183604,110.7370584632023,112.07736603741533
12.207415330941636,0.34517708201614855,0.4778207747393513,4.575131970009773,1.4860295762390845,8.7596307469442,0.004784402446087341,3.1786711607601945,21.525197342077586,1.0586031727987057,0.0004686445128794594,1.6516245772381308,0.1106867054126679,9.40524407810007,102.12528623893994,209.06608166086897
13.021622832571635,1.6751670247699255,0.00608954833626017,2.6136213699655513,1.313089959188262,8.842408641526447,0.026218567805193126,3.766185328464526,1134.4629799566878,1.6332091008117202,0.0004215488424575368,0.25830198408510474,0.15485841316088067,9.632449707598447,100.08568132562209,7802.5596923286075
13.194700513240225,55.09865826417023,0.0036745409263199175,41.645403953921615,6.129149657625188,4.593386322406272,0.0297079749033084,4.119220497452644,233.4179332011532,637.9293931718082,0.00020275712353780203,0.1029514922084833,0.5996655994301239,9.961389717935983,100.00966968147074,1359.152766389056
13.5644785700274,74.65311824506175,0.019996363431159757,2.3171175468310246,9.981799702023128,8.799734143293144,0.010106440006649987,6.321672144907083,25.814142533540117,1.4939437453931295,0.00018257145184288494,0.23905818709187882,0.5392345615840243,9.286300841158164,100.00014084592853,112.58261409953246
13.597223634067863,87.1293424815053,0.28676061575074374,2.1186881136234983,5.860379142843319,8.546502210468688,0.02714598485955364,4.61290386995759,19.297819989653686,3.8673097303535817,0.04936782021682782,9.9870627067739,0.1124129191739493,9.503043470122984,102.75722577910786,110.88321494935339
13.741654182011905,31.646136227919285,0.04084388500961358,11.113626595497804,3.396842496551723,8.731427501860791,0.019482894082277,4.519842188537756,14.326396325480799,3060.054482175319,0.009629879691471272,9.696174667285652,0.1368431038535759,9.905938188504125,116.88413991804227,121.47402044342131
14.852022350529307,0.0052163605311606655,0.01265133217842938,53.538237108840896,4.407291131749576,8.607196061325306,0.031615522349422345,4.491163389727639,36.25966062844518,6.535496177831516,0.001823578327087274,0.33873051818939254,0.10057366089535771,5.825208169917591,103.45892157808971,225.0110574140579
14.87725340716887,1.8953671202472078,0.029436178171938138,5.329273775146743,8.097396238791436,6.835923515270554,0.01291209870071013,4.74233617374895,16.16939989141557,28.174166694426955,0.001940618424708654,0.6720080063742565,0.3975222626753564,8.995819907804501,100.00208894292155,74.5318938927385
15.082965202289298,1.545920209967815,0.007828518943032495,3.050040789813017,2.3425342672334653,9.489305317743131,0.008928633997314762,4.967183211599044,154.09597208615196,1.0812221707968437,0.00037727760671489135,0.41457461396382045,0.1469538868406495,9.293366275106973,100.0026193737113,764.143192468905
15.264333795266364,0.9276945918073394,0.022556127842597532,124.51758145748458,2.8600742660342235,7.122778083642632,0.010239790558001635,3.2505006455569996,1162.2709582826196,1.6415051212872194,0.000309044685473366,0.5948700850963198,0.10360446076731218,8.845804085422179,100.00747181716196,6880.9890286424325
15.439714922298412,0.004402237561384106,0.00659401134755391,38.764153139543474,9.619778997720044,3.979693910544631,0.005407311344010479,4.046279572201127,82.50046130453399,1.9736591640175842,0.004588348822752225,2.088767073811917,0.10029324903967385,9.023652682154776,100.09240206800068,458.01538344804504
15.89652199836083,85.97631728645392,0.0435861075278166,1.504804388078396,2.7614111328721545,8.691141715062793,0.02127866025466276,3.0312242944774757,11.582092907221076,1493.7989856616564,0.018935992102325362,2.184022505816162,0.11558228515535687,9.804772096974089,108.87116802794388,128.20653337984749
16.08890961702564,0.633575377944467,0.5745849230251325,856.7088496060734,6.327574653761615,9.617939037857205,0.028194326531313235,3.0220688144201544,759.2850072645825,1.443174543843375,0.00010059710398280704,0.1860455095240233,0.12571468735219604,7.831791470287957,100.00191093779829,5702.571806668708
16.260849864711144,70.47151725305338,0.0036320201499412856,5.2193036500130425,9.442026810965437,1.8365359760527147,0.005257178610515801,3.429114874299985,12.335729364200862,9294.500465015208,0.0015835406930457888,0.6444254101544,0.2097840943931359,1.2802792201563913,100.00003818758275,63.16536949248262
16.268091293848673,47.575326163377554,0.011481583854578953,3.74600019060951,1.400107248087206,6.671964178989933,0.019542373225511906,4.0886716830031276,1826.6915625683687,25.28737657639283,0.0012471425991235573,0.2753162491719762,0.1406306667007442,7.645410810133066,100.3900700488052,9691.006181823723
16.519630407132507,45.15523666234037,0.13877290721369748,8230.88488591023,2.8052193813377824,9.435939834776722,0.012795518516543853,1.7694628273969615,7.182782562247608,3123.2093425829057,0.0027163759809801253,7.715609968408205,0.6649582094366268,9.392176645172274,100.07024975667387,61.158803303087645
16.548313791590637,0.9888619657416606,0.0636662513009552,4977.617891970206,3.7817157959685477,6.449394871690944,0.018785268065829298,2.5435002311315626,2991.959174184018,72.99883140038843,0.00012093837837092784,0.1289980830431838,0.4342252262206148,3.446335888926553,100.77128314504898,31072.9573723143
16.840222141715916,43.518518923317565,0.09690013995427064,22.33952656907979,1.6784382712353125,8.009716212437187,0.0033120660094489375,3.628966623898013,93.03935590427403,108.19859401839446,0.0004597421381954694,4.470245741770992,0.10372455669420731,9.391414864104316,100.12020644637376,641.7284194425794
16.87342301429782,0.8724747900832142,0.0067099260818587,5614.487437917115,8.07572169599327,9.989501491393586,0.0033793983994694337,2.942210053257854,9.31740622453247,2950.755277587079,0.003340161323748424,7.751224770891996,0.10054775777545671,0.017783529946508517,100.15238042901623,63.02507018811895
16.92992962192972,0.3887266542944564,0.03147147809931259,9.540579153323232,2.436312758086093,4.1680237256150505,0.003591215834538302,3.706352882040802,15.119848083612357,7.227814516149247,0.0001743752306158846,0.8999164652626268,0.10053320859896653,9.127681032970063,100.01153517869669,104.62787044477622
16.931585738170625,11.483698402214314,0.7254411640304271,118.30443691513277,9.044835280709439,8.037352840817926,0.025353658411334495,5.088178174555698,83.78272206668014,131.13668133289673,0.0014223810218462257,0.4233317101512117,0.12144055524794939,9.995187825411225,102.6338149178507,448.92562014001135
17.160308113244742,81.45195307475505,0.0783351367262286,1.1824877024849396,1.102033019459933,9.204717327357935,0.0070206138474933465,2.6718683667316787,12.037815474651405,1334.748672865934,0.00016055285654039582,0.20067490254689846,0.10416335263737075,8.938366745373186,100.01792382450206,80.97631224464283
17.252769537029295,65.68698382622614,0.24865309578710218,29.399933391376806,9.99986483578594,6.860449590372269,0.013447041666438689,5.317899953330065,100.82667190640385,7.783771402646891,0.009557112738510112,2.6751246713594083,0.10174554863012097,9.84886935622284,100.35156873235292,491.421954769884
17.62037965553817,0.684535509782788,0.020996418711849246,3747.437717762077,5.736700900415159,8.693800876575263,0.003408545600348735,1.7207089779507103,4.179697919755912,115.73028380790413,0.0002949749004356187,8.143694294559555,0.9536565467903347,0.19221724271094565,100.00313703503707,57.49597926529025
17.69743228349066,0.006663819123712888,0.0032000824946010918,3269.1725437777527,1.130200188998818,4.740078282125731,0.00843965874866965,2.334140317036668,8.830016885069872,11.551572260650863,0.003567613083473656,6.772165833423762,37.73610778617923,5.887870970743582,100.02491336989262,67.59918518744185
18.99300921560287,0.0011451390279184868,0.009757189421058857,227.86235657514274,8.507582347394889,7.53810866937187,0.005833196952965041,4.138734620278071,363.6445876987321,1.1245321733009568,0.01220799149357104,4.642070647136244,0.1636304914371403,7.626863762604819,100.16526315638811,1963.8383281864778
19.643998871548536,9.722174877749543,0.026708074596189825,99.3780006538544,8.478765235702562,1.2930630231875615,0.012255608291714652,3.867660357356428,282.7933638573434,2.7353373953419564,0.01347484203635193,4.18316511019982,0.2470234554198093,7.048051968875124,100.0021638611643,1451.6222770901898
19.91450453729782,12.580306309817637,1.6498283325803194,8.383679154755868,7.946690332349025,4.002430161582243,0.02938463939181617,3.6526528960329077,16.23780529286908,2.449461089563193,0.00042790657862960206,0.05016721618885956,0.1092571511659682,0.8031533850961127,100.00140596892834,101.85486304218885
20.325736423281285,0.5319937327467364,0.0034114523600074264,62.27699203101984,1.1930085732364677,5.396636676124655,0.01092875092381833,2.548915569498714,82.90051020565932,117.591194782512,0.0024113925013593963,5.5578285344686,0.12458467223560732,7.661074480271067,108.04701718397457,538.6391926020243
20.47121864010849,2.123976300174173,0.014436639342213939,58.91380345059036,4.06870096352575,4.570663672303207,0.011528604675711582,3.312530644277953,26.690927171546722,1183.3212726488944,0.009615811867346098,4.934482680131124,0.10039599680490599,9.586768299657974,142.4124663912595,156.220464534082
21.232966622526984,0.7244309881369493,0.005982254471298812,3.811262880875028,2.015799365311967,0.5716334033877449,0.006049611118230475,2.8108542453175644,13.988388379095158,6.453003307405924,0.0003707714008132843,0.41242784517733816,9.872904854455964,7.034731774810265,133.51439602545162,149.3563574910816
21.486704756267063,56.618153971157305,9.82884600079683,4696.265930802769,1.1485594498770884,3.029938941648017,0.003907192023995893,3.2248540339414933,22.204227367847178,50.797294147265866,0.0052669193754219966,4.741560523589686,17.006403871153093,9.952382606762017,100.0105186598666,121.39304105722746
22.39103687807696,18.348204115046084,3.6986127828498767,3.0192178657009916,9.509013745577192,8.512971624155423,0.012240874502961721,2.5958432770746107,1.7105977235291594,38.23552805386587,0.00021263572848268135,1.6185561703621243,0.10092061110960002,0.0017837223870839135,126.22471245808406,96.16713246739528
23.323373449062363,1.0144157406370935,0.020374845502014516,96.88969444995129,1.8201464587616043,2.908654121039964,0.006547617778360382,3.398668474775534,103.5281419966724,104.30057299660493,0.006718827403209808,4.96336913136804,0.27623890478110585,7.764268612407563,100.02931452485537,511.07522339196964
23.540978095288494,0.6817827459595429,0.017007821777199655,3.4031685204835607,6.356719990850932,9.033306083827295,0.00529015487500274,6.062614795444144,17.018521875415136,1.1873379955419268,0.003319664916620453,5.312122097617085,0.10001101484722001,0.005829712232135256,100.17852284577242,82.65457544095163
23.55181610694753,26.02843203458209,0.14010936951192648,56.96314235229351,9.989621541421235,2.101857211667314,0.014387565592938658,4.723977049484779,82.51346228677815,189.8736326399051,0.0458347648981399,6.944190903081511,0.10009623567661828,9.752941739822191,100.1610202343045,416.35148018771076
23.609180170141162,90.43775780232112,9.36904677946089,91.7397963844334,9.98968380911438,1.6027251760901668,0.01992855588756337,4.612468792794969,98.79443926873067,31.55476744958035,0.006807816262293234,0.6889055875814003,0.3514392528122172,9.225084180316815,100.08051159874421,482.59010457768335
25.74475883144009,0.20379202541637803,0.323753188366985,2618.6641134121564,1.1202966243966799,9.874658660750322,0.0033592358823569908,6.448845247984435,21.455152465443266,13.96762962003721,0.004217087407701441,6.517982014413645,0.10628983197820653,0.009472807938875161,117.70087762718744,138.77942698146495
26.244101889147224,4.172728671372284,0.2226147351554275,1.0082114946794494,2.0635091377396915,6.359040427968309,0.010638616687781472,2.8517425523969417,1.0096661773918214,124.08753659981318,0.0006815534610488429,1.4384011176228906,0.9336962119621973,0.0037589180625866156,108.02064899304412,54.974121264137274
26.654858109952098,0.08271214683060632,0.02480708457755914,2035.744748111538,7.90299869550213,9.2376308385023,0.004378263793944673,1.3516691290052756,1.5907985881127598,13.33564226446303,0.0001063558695274096,6.033622535408404,7.842766262810403,0.8499971150220914,100.82247051316743,54.21527480784932
29.747217964295643,57.545219540104505,0.7025579005144529,4.365294604424582,2.4945127755018426,9.5530663655494,0.030348694683939408,4.501978212916945,31.83029469299841,13.812440379614193,0.004148742497555234,0.726960511272536,0.1005826953090571,7.175945902031328,139.3083789991305,162.561093206729
29.847069773622636,0.01123292135663552,0.01733956956713437,6.119222758255888,1.014867332187562,8.784956836091391,0.007557133638074513,2.8441069676119155,12.251599686256213,4.120068087355654,0.008163125293466867,5.467541164710898,37.4373426901462,2.312604098709754,100.00959317088376,74.88229539246015
30.659625971976407,3.0727747100616103,0.04362190142668691,57.072683296525426,5.80323972370052,9.52619191657171,0.01924211137011359,5.241723672975978,36.727836731145565,2099.394840143302,0.06535970559574436,5.248401663809309,0.10051947347625292,9.012337462677232,102.90523179817829,147.72056683557955
30.73507518904721,74.25241728433637,0.11430214801633046,13.682220718167956,2.591535756244232,1.7748900369082565,0.004586024897894264,4.8732471972859575,29.89103223297201,265.30080745455524,0.0007854058022231997,0.5082602047701505,0.10599527916306441,9.644254090675563,110.06993537611024,137.1039456922258
34.23404150352086,0.31044389965819785,0.03143989662674654,4753.335184964281,7.872184244564373,5.142363730864095,0.012463200439827436,2.8597702602410444,18.778855122693948,86.43291797466959,0.015878523987509,7.777803130412594,0.35118393198719294,0.018284359858364563,108.7252374147381,115.51589863663798
35.28021401782149,5.4294562488666145,0.029387341838146556,2.0227667407673895,1.1679612313754915,2.624626872752454,0.003657690513533817,5.810665222051772,4.799968526125059,371.2260690015683,0.0066449394930412535,9.513173406550694,0.5212671821789878,0.003868624168622915,102.68867481901715,83.89638213767424
36.830194148591,3.779359051846369,0.04095520998216241,3.99808594579118,3.057137683536672,9.99340924870479,0.030282395177714697,9.4913458582317,50.898301387091884,3.7279859967043736,0.05315518487904655,9.982697559651875,0.10049999790863341,3.3936276618749908,129.3977743014229,193.38099038189182
37.006300958680754,94.00402873879192,2.430509632333488,1.8787720044366911,1.27106070633897,1.2793400258781178,0.003988336888046361,2.798777005245823,76.15350055468264,1.4075783341170092,0.004398111403954816,3.089532417970728,4.50553777632356,9.326796396956333,100.00667284432977,455.66777237342257
37.13232211744291,1.297157029927809,0.2091467175994666,32.92115006815938,4.790495836550718,5.897142639781318,0.016292299787627054,5.6528357356862164,71.35366135768786,4.271567738280556,0.0014545390962779601,0.18095324670840587,0.10886753902742213,9.966009092397387,116.42696028196464,290.35941290174713
39.090384336658914,2.678030556458224,1.38936640516993,1.2428619825913385,1.475841042244158,9.753072682554702,0.015379974252852126,2.5044482623004236,6.414324227100834,1.1171830830283072,0.003310263083935728,2.8653293291341315,1.8948611112212859,0.16758136585185782,100.0013230891259,57.71948525389051
39.30833038844528,93.04229415102094,0.1263050129056609,12.613947036216702,9.6879986004348,0.6322050443137656,0.005105357996266611,1.6976936020657423,21.016230778371796,3.0658602548891514,0.0002529818318757818,7.227691910378917,0.10030758520735915,9.97992020794148,100.00085028758345,4074.594046335631
42.43628884207197,27.429642343950338,0.6446328412185479,3.3710571862764747,3.15267083645507,4.284020759048457,0.025293051074695226,3.6453839704391844,11.493570498639018,2.1675272725918577,0.0021497926774802795,0.5012529726596987,0.22868667781832655,0.03253459628101756,100.0004701786316,51.153038382408994
47.26521446669504,24.265539912689164,0.03355708620284045,1.15827803914563,1.925916129921106,9.721269213729462,0.004865287070420838,3.315277595674989,8.061071153625791,65.94314640030227,0.001249825079042514,8.466832416099209,1.7852929201454615,2.818756012516868,100.00520904719019,54.650459671521816
48.57195913125034,0.1849872197483275,0.09030591657860092,17.356280997021372,4.601341056056385,7.774020451429993,0.015195013328911378,3.2293439366065084,12.540773443980752,2.928278338120195,0.0005624252477881634,0.43683393775340074,0.5386305507302002,5.672350881455609,100.00131290295481,51.53160502230185
